poviat,unemployment,age,feminization,services,retirees,soc_assistance,marriages,city,working_age,Duda_majority
aleksandrowski,12.2,42.1,106,36.71683843701342,18.43787455053935,525.6719977844768,0.1332037918134602,0,60.5,1
augustowski,9.7,41.7,104,20.894065987680673,17.83770751532686,342.9733548598195,0.13937108217951366,0,61.6,1
bartoszycki,17.3,41.8,105,29.56419316843345,17.212699411158287,827.2413503171358,0.14532333874997816,0,61.4,0
bełchatowski,4.9,40.4,104,24.49530210872601,15.518846593780758,407.26860754218427,0.1448851293237216,0,61.5,1
będziński,5.4,44.2,110,30.675332387582067,21.00426095118476,342.662344603583,0.12915206396153664,0,58.4,0
bialski,9.3,39.9,101,18.748763180957226,16.932076698082547,427.0092252554798,0.14594843462246776,0,60.9,1
Biała Podlaska,9.9,40.9,109,42.559355123118586,16.821759664159526,177.01121199930034,0.13526324995627076,0,60.6,1
białobrzeski,7.4,38.6,98,17.765069841567453,15.674947620472912,298.03430559712655,0.15797665369649805,0,60.6,1
białogardzki,17.0,41.0,104,31.85626102292769,16.856602186711523,434.2547386459209,0.1287636669470143,0,61.3,0
białostocki,7.6,40.8,103,18.27083445418841,16.53287525649852,454.63367085307897,0.12035879714726859,0,61.7,1
Białystok,5.4,41.1,113,48.91851851851852,17.800802543403886,401.1793832380005,0.12425307675245502,1,60.3,0
bielski,2.9,40.4,105,18.97999729082946,16.58110388045312,240.1543391178597,0.12680163894914437,0,60.4,1
bielski,4.7,44.0,102,18.121075106757097,21.52043125494453,380.9552245506228,0.14736997037881994,0,58.5,1
Bielsko-Biała,1.7,43.0,112,35.08443242304304,21.38893609042382,355.47370970860703,0.13721779178849547,1,57.1,0
bieruńsko-lędziński,1.7,40.1,103,14.766209779333138,14.84375,214.72268402034263,0.12980125802997858,0,62.1,1
bieszczadzki,13.5,41.2,103,29.674657534246574,16.215841949778433,741.9808779542097,0.19539327917282126,0,63.2,1
biłgorajski,5.0,41.1,103,15.451075462939082,17.926257691812246,336.86242937405245,0.14778188448161397,0,61.0,1
bocheński,2.6,38.3,102,21.284658624392094,15.282898800277003,310.63281551217506,0.1428437739804226,0,60.7,1
bolesławiecki,3.8,41.5,106,21.97866604149572,17.662009034105413,293.15305972054205,0.13365814678756535,0,60.7,0
braniewski,19.5,41.0,100,33.55780022446689,15.894136569673929,532.0358719598381,0.13844616659355657,0,63.1,0
brodnicki,7.0,38.7,102,17.929120409906062,15.100446287469815,332.50224774643794,0.14674387144898038,0,61.2,1
brzeski,4.7,39.1,101,20.488742250099705,15.554554135685239,255.93216306691988,0.14313151146446926,0,61.8,1
brzeski,7.8,41.8,105,30.877250054218173,18.081599928733688,370.0557598770656,0.1352501002182531,0,60.7,1
brzeziński,6.8,42.0,106,24.21816362271704,18.622904031394935,599.006326338663,0.09460642817760193,0,59.8,1
brzozowski,15.1,39.6,102,20.714045133041427,16.287156648924,375.3750592523678,0.15288178504430583,0,61.4,1
buski,3.7,43.4,105,20.194260186814674,20.45645008101011,412.806315995307,0.14161405665120957,0,59.5,1
bydgoski,4.1,39.5,102,19.92251223491028,13.7854621133608,340.92308763681405,0.11117009175703345,0,62.7,0
Bydgoszcz,2.9,43.5,113,43.62801928504609,21.745311467876736,314.31079238346877,0.13913093426003045,1,58.1,0
Bytom,8.4,43.5,110,47.83345190906935,20.239860101777168,462.0284557341934,0.1398074584147692,1,59.9,0
bytowski,9.1,38.2,101,23.144271031594975,14.536983257152958,284.8686739564131,0.14573600343443016,0,61.4,1
Chełm,11.0,44.0,113,45.69878242456326,20.180197636117033,242.69691468061745,0.14147774979009237,0,59.6,1
chełmiński,11.8,40.0,104,24.3070182829219,15.882522869523351,482.87652980259986,0.14135772749157438,0,61.6,0
chełmski,11.9,40.5,102,16.225981975854445,16.699566744430488,491.28064642243703,0.14026969518291588,0,61.9,1
chodzieski,7.2,40.4,104,21.11612759973355,16.584847518860908,345.54224418233986,0.13862501328232918,0,60.5,0
chojnicki,7.6,38.8,103,23.785959599689797,15.409903220851042,317.3468366019765,0.14327410517691638,0,60.1,1
Chorzów,3.3,42.6,110,48.97091797463271,19.905943027818232,515.6802029552812,0.13277430964594136,0,59.3,0
choszczeński,16.1,41.2,101,32.75227105327768,17.225296934270258,512.028399353274,0.13726343718259643,0,61.6,0
chrzanowski,6.3,43.2,107,28.794762159273116,19.515642063339115,411.8299282135286,0.13695638209031927,0,59.9,1
ciechanowski,8.9,41.2,103,28.657623000607412,17.17567068874898,421.79357536651645,0.14766894423134988,0,60.4,1
cieszyński,4.4,41.3,106,29.58953540820929,17.91055664988692,387.4713867142561,0.13348597852865746,0,59.4,0
czarnkowsko-trzcianecki,4.2,40.3,102,21.328598287027365,16.291527761811704,424.53836303023337,0.14248764225773078,0,60.8,0
Częstochowa,2.9,45.3,113,34.251954234073146,22.369155253523747,434.05614027845195,0.14433410605490105,1,57.5,0
częstochowski,6.2,42.5,104,17.59355947047529,18.067704656088587,315.5019202556576,0.1322804801010739,0,61.3,1
człuchowski,9.4,40.3,102,31.613766446145842,15.997147187304984,551.2640952126237,0.14533297673174644,0,60.9,0
Dąbrowa Górnicza,3.8,44.0,109,27.947547398332325,20.984644768917594,290.62605731614354,0.13909342983756795,0,58.1,0
dąbrowski,10.1,39.9,100,16.943762553001562,15.760300131814649,288.1048377665867,0.13499171933619494,0,63.4,1
dębicki,4.4,39.4,102,19.161119316917226,15.83455901373994,379.86409973466175,0.1447682540151812,0,61.8,1
drawski,11.6,41.2,104,27.496038034865293,17.26387792686135,443.8416322020521,0.13468385512584408,0,60.9,0
działdowski,13.6,39.8,103,26.193833139214124,15.534472435867913,382.8989559250219,0.15001765455410737,0,61.6,1
dzierżoniowski,5.2,44.0,110,30.022561237645036,20.78005812742404,413.14896987491693,0.12666025215002033,0,59.2,1
Elbląg,5.7,42.9,109,45.35124329253323,19.46998332173957,395.76939170445115,0.13928442719813605,0,59.6,0
elbląski,13.5,39.8,100,17.672113374119103,15.301253255492824,620.5976448585062,0.13086644176819143,0,62.1,1
ełcki,11.2,38.9,103,28.96840148698885,14.679991262560069,517.0490553735256,0.1241044124071647,0,62.0,1
garwoliński,8.4,38.0,101,19.978207922061273,15.447646837522138,164.55944540791515,0.1499343922335086,0,59.9,1
Gdańsk,2.4,41.7,111,48.08704216615063,20.469859229104685,288.58265502530224,0.13014459330610928,1,58.0,0
gdański,3.7,37.6,104,26.70420761778182,12.582602604461174,315.73613187722066,0.10472702107368617,0,61.8,0
Gdynia,2.1,43.5,112,42.1342995291058,22.096789906960886,350.7325923084417,0.13531670644778931,1,57.6,0
giżycki,8.9,41.8,105,32.356500691562935,17.311058074781226,463.88625510474674,0.15161318836736498,0,61.1,0
Gliwice,2.3,43.3,108,33.81268610861653,20.70681903439472,330.94947139745693,0.14166615342407463,1,58.5,0
gliwicki,3.5,41.9,106,23.90238704177323,17.40357315975348,316.81961905338966,0.13549096322969323,0,61.0,1
głogowski,7.1,41.8,106,33.12838884585592,18.66624767120828,377.9708728199143,0.14871720051177303,0,58.9,1
głubczycki,9.1,43.6,105,33.69766416923755,19.61494555672638,1121.1186962153145,0.1474139445029856,0,60.9,1
gnieźnieński,3.5,40.0,104,28.31409038041474,16.544719360739386,323.3797384780426,0.14518835357383542,0,59.8,0
goleniowski,5.2,40.6,102,22.07653417731925,16.18640880358161,384.69688210528875,0.12835321095351912,0,61.3,0
golubsko-dobrzyński,10.0,39.3,102,17.83999409027111,15.662623839353147,416.0312901506064,0.14567506330801014,0,61.7,1
gołdapski,9.7,39.6,101,28.00249882867406,15.718086102888831,368.7659174191614,0.10191464648357001,0,61.5,0
gorlicki,4.6,39.8,102,18.31442463533225,16.477784104476243,415.3987305989751,0.146419190713223,0,60.8,1
gorzowski,3.5,40.0,102,16.605357235376406,14.572080850826884,492.10207208085086,0.11853388273289159,0,62.5,0
Gorzów Wielkopolski,2.3,42.4,111,41.20259814690993,19.867485377278353,395.0986585928209,0.13391419718628902,0,58.1,0
gostyniński,12.0,42.7,106,30.784313725490197,18.875698790618944,517.1414753112542,0.14410120492661307,0,60.5,1
gostyński,4.8,39.2,102,19.707394226967182,15.675554618749011,439.19131106075776,0.15001053907361542,0,60.9,1
górowski,14.2,40.6,102,24.83050847457627,17.112130771436764,491.4867837682821,0.144766274734729,0,60.9,1
grajewski,11.9,40.9,102,22.131339097920076,16.63842406269858,334.2979894090235,0.14647320482948528,0,62.2,1
grodziski,2.4,40.5,109,32.9995739241585,16.57722247116076,329.55707929097673,0.10555109781895106,0,58.6,0
grodziski,3.2,37.6,101,18.151034668099975,13.890120054727998,215.14621182047674,0.14886400863314897,0,61.3,1
grójecki,1.9,41.1,104,19.659349572224695,17.779292246035542,358.2336534060278,0.1451922979117291,0,59.3,1
Grudziądz,8.4,42.9,110,35.10867271576282,19.6804001356392,679.5005554849101,0.1404713462190573,0,58.2,0
grudziądzki,10.6,39.2,100,15.303430079155673,14.396838809085938,364.7905696108157,0.14811869377205628,0,62.2,1
gryficki,8.3,41.1,102,36.29873695771554,16.772566650629592,702.9187167576356,0.13749854836836603,0,61.4,0
gryfiński,7.6,41.2,102,33.809728270870394,16.702083485992038,546.33144012115,0.134913656237024,0,61.5,0
hajnowski,6.8,47.1,106,25.254312251216277,24.26660408354846,487.69204107017134,0.1464679652663694,0,57.0,0
hrubieszowski,13.3,43.1,104,20.38607780052647,20.22690024981304,282.3289582637198,0.1606122806180088,0,60.3,1
iławski,4.4,39.5,102,20.763130002558388,15.58586978757308,483.19943582510587,0.1428309951657533,0,60.9,1
inowrocławski,11.0,42.3,106,28.916863107244403,17.917078603877005,519.1315495513534,0.1393682656087702,0,61.2,0
janowski,8.5,41.7,102,14.48436288446627,18.532455315145814,364.0938896059857,0.15231136100111575,0,61.0,1
jarociński,3.7,39.8,105,20.923153692614772,16.40792029400668,390.1662589606361,0.14538239034137754,0,60.2,1
jarosławski,10.0,40.2,105,24.027767221504394,16.871106971483695,392.9728551232047,0.1420742305421341,0,61.7,1
jasielski,9.4,41.3,103,19.55180413643319,17.144116350815338,429.87889343323053,0.14490965182899956,0,62.3,1
Jastrzębie-Zdrój,4.3,43.0,105,27.796258539900563,20.226947477547526,253.34259321862007,0.16781041884993747,0,59.6,1
jaworski,10.6,42.5,104,27.82183696053117,18.461170085401868,533.6990198738926,0.14105275760236252,0,60.5,1
Jaworzno,3.9,43.1,106,31.217743655363616,18.584206771662185,329.9519039675136,0.14160127311639137,0,60.9,0
Jelenia Góra,3.2,45.8,115,43.27209322105979,23.81958234780739,340.61718521141904,0.13170842766977398,0,56.7,0
jeleniogórski,8.2,43.6,107,28.170871055638568,18.90519098614584,644.9614351087419,0.11992263056092843,0,60.8,0
jędrzejowski,6.9,41.8,102,17.94900428066257,19.41343890183769,318.4843811710139,0.15475702456107474,0,59.2,1
kaliski,2.1,40.1,103,12.786334141193027,16.179269144605303,218.25523486618647,0.1378122515838412,0,61.4,1
Kalisz,2.6,43.9,115,34.93486905251611,21.607844702033,493.71070416774734,0.13733216287931688,0,57.4,0
kamiennogórski,5.8,42.9,105,31.513490725126477,19.073059043918686,447.79819977335274,0.13957307060755336,0,60.6,0
kamieński,14.8,43.0,104,38.980055541529914,18.932317708887425,405.08772697291425,0.12710908742739208,0,60.4,0
kartuski,2.5,34.8,100,21.920819074645966,11.514595005631397,323.61888598750335,0.12983780138740433,0,59.7,1
Katowice,1.0,44.7,110,52.22831863491425,22.188787255698934,374.3135976213735,0.13814068189115153,1,58.6,0
kazimierski,6.7,43.9,103,12.850955794504182,20.601445611112762,380.4037038579375,0.13486421368868795,0,60.9,1
kędzierzyńsko-kozielski,7.5,44.3,107,26.55815475216751,19.793353216872603,394.10637697060076,0.13030464422667234,0,61.2,0
kępiński,1.6,39.7,102,12.307692307692308,15.939487343005439,324.37392659120303,0.13937751324157233,0,61.1,1
kętrzyński,18.0,42.2,104,34.61154549991682,17.75444342758056,561.8684181879485,0.14255896472552704,0,61.2,0
Kielce,4.9,43.6,113,49.579737053392215,22.046476299960997,793.1196331061524,0.1392338800730811,1,57.7,0
kielecki,10.3,39.3,101,20.875938294225428,14.932854931624215,340.87715098528344,0.1364628252524153,0,62.8,1
kluczborski,7.2,42.6,105,27.92762034824172,18.307621811516725,435.087419428746,0.13484038490911868,0,62.6,1
kłobucki,6.3,42.3,103,16.782501172557883,18.037379863106004,206.7445957607783,0.14331311841685285,0,61.6,1
kłodzki,11.1,44.1,107,40.92595632901001,20.727107015367476,521.5917342844123,0.13297805007721714,0,59.5,0
kolbuszowski,7.5,39.5,101,22.936906159923133,15.467660572566912,270.886233814221,0.1358962824920477,0,63.8,1
kolneński,14.0,40.1,100,15.635499467344095,15.715899834458838,290.83126021494076,0.1574743148435242,0,63.7,1
kolski,4.0,41.4,104,18.502847200253086,17.86525534147382,313.88214961891913,0.14786629308058621,0,60.4,1
kołobrzeski,1.3,43.2,109,36.018009004502254,19.124348548553588,462.6508031420731,0.12934615675117703,0,60.0,0
konecki,11.1,43.7,103,28.16458903415425,20.580279996994665,469.13782250995513,0.15141876831375692,0,59.8,1
Konin,5.7,44.6,112,39.29433537174123,22.01381899295449,488.4525403280651,0.15724545034139442,0,58.4,0
koniński,8.5,39.3,101,16.32133422451383,14.610966298355287,293.7633000392148,0.13870498950427904,0,62.9,1
Koszalin,4.3,43.6,112,38.13945729537367,22.11998355877737,348.2567469733204,0.1291570136761079,0,57.0,0
koszaliński,11.5,40.5,101,27.75829731713284,14.909747292418773,886.6730249699158,0.12081829121540313,0,63.0,0
kościański,2.7,39.9,104,23.608177937542127,16.189080989606357,393.35293421567764,0.14138135710948058,0,60.9,0
kościerski,6.2,37.8,100,25.49825675183431,14.441173233546115,400.07222044904245,0.14505833149900946,0,60.1,1
kozienicki,10.0,41.8,101,22.163485615714205,18.81094054702735,310.42864176542156,0.15364101538410255,0,59.7,1
krakowski,3.7,40.0,104,19.096648729287654,15.83661308055107,330.4780167526742,0.11970390955418118,0,60.9,1
Kraków,2.0,41.2,114,50.82405617285262,19.9408303010467,461.8452880896915,0.12355813968412879,1,59.1,0
krapkowicki,5.5,43.2,107,17.261008656379374,18.121637096647685,376.32759110232644,0.12875900042354935,0,62.6,0
krasnostawski,11.0,43.7,105,18.296757879526776,21.54035853172721,628.9613503430396,0.1476335009010718,0,59.1,1
kraśnicki,10.2,42.4,106,17.15755165505487,19.80639342199102,432.4862557159039,0.1424151529135378,0,60.0,1
Krosno,2.3,43.3,112,35.95797228850098,20.902551251863212,516.8105880192694,0.14475816033354216,0,58.2,1
krośnieński,5.1,40.2,103,19.420802077322563,16.782593981279447,263.783305576089,0.13749187321322018,0,61.0,1
krośnieński,7.8,41.4,103,26.547962784728906,17.266410111437377,408.9945271662806,0.13505626584471722,0,61.5,0
krotoszyński,2.9,39.6,104,17.396045362023845,16.213732950280818,384.61643748220615,0.14618112172270104,0,60.4,1
kutnowski,8.1,44.2,108,23.406222108886904,20.349180378796508,576.3180177903882,0.14174320951858257,0,59.4,1
kwidzyński,5.6,39.1,102,22.8836199699449,14.799095871305937,561.5459956236324,0.14059682112198524,0,61.4,0
legionowski,6.5,40.5,107,45.04980133892124,16.390774549900915,283.01199114559176,0.1088670573849981,0,58.9,0
Legnica,4.2,43.0,111,38.2719654276287,20.05234021137393,511.63382164066434,0.1324911927528938,0,58.9,0
legnicki,8.1,41.3,104,18.725765476668006,16.879962295616867,830.8760995903273,0.12901062248486386,0,61.0,1
leski,16.0,42.0,102,28.44532279314888,17.851064634469196,365.596902159525,0.10188722060436443,0,62.0,1
leszczyński,2.5,37.9,101,12.27677352411119,13.7864722644709,181.33930648065592,0.13176343070925334,0,61.3,0
Leszno,3.2,41.9,109,38.28726194058725,19.499252027399418,381.4522680103929,0.14072907645067317,0,58.3,0
leżajski,12.4,40.2,102,22.582417582417584,16.554706645524004,431.3729654029119,0.1358800634279948,0,62.1,1
lęborski,8.7,39.6,103,35.128352215689084,16.108296150646602,516.4414917946003,0.1354306889510701,0,60.5,0
lidzbarski,12.9,41.4,103,26.033981667784484,17.29237493929092,494.9024118504128,0.14133074307916466,0,61.3,0
limanowski,6.8,36.1,100,17.580629725332567,13.25703530554628,292.1779579399533,0.15506511642026655,0,61.1,1
lipnowski,15.5,39.2,101,25.852853843615968,15.172623574144486,557.7870603802281,0.1490190114068441,0,62.3,1
lipski,9.8,43.1,102,17.634308716519584,20.04192005668064,412.5939844718663,0.15655074688551693,0,59.4,1
lubaczowski,8.4,41.0,101,22.444803446418955,17.083506890993714,517.9719220529909,0.15701686074940688,0,62.5,1
lubański,6.9,42.9,105,30.640837152987977,19.16909352305821,298.7139735319055,0.13646920042761823,0,60.7,0
lubartowski,10.3,40.6,105,18.565818799306612,17.721160811300255,347.5237066506701,0.14539568996740312,0,60.4,1
lubelski,5.6,39.8,104,15.822433793964043,15.865934715811939,274.0909700062996,0.12105472918246918,0,61.2,1
lubiński,4.1,42.7,107,34.825235995188976,19.839849269901084,267.6747945360339,0.14884597268016958,0,58.5,1
Lublin,5.0,42.1,117,51.79801587897162,20.211369575965907,467.435066866009,0.13457667223883407,1,58.6,0
lubliniecki,5.1,41.3,104,30.36443220380662,16.754522504610797,522.2150921505279,0.13484454094779663,0,61.7,1
lwówecki,11.2,42.2,105,29.30337612933904,18.31682090364725,434.68553184540013,0.13097441480675012,0,61.0,0
łańcucki,9.6,39.3,103,24.02146599088547,16.741724142185593,256.4211975471628,0.13489370627645006,0,60.3,1
łaski,7.1,42.3,106,19.948441883387673,18.638567250290475,291.10043871949995,0.12963259745983413,0,60.4,1
łęczycki,6.3,43.0,106,18.09616263133851,19.727822783283415,460.0783048224013,0.1445514302369992,0,59.8,1
łęczyński,5.2,38.9,104,14.34761884127053,14.482566150948003,304.03515026774346,0.14786066874814674,0,62.3,1
łobeski,19.0,41.6,100,28.67772438381646,17.86570743405276,635.9627406256812,0.09578700675822978,0,60.4,0
Łomża,7.6,41.3,110,48.046379612295425,16.743188497894987,376.91436539836366,0.13530860274843118,0,60.9,1
łomżyński,6.0,39.7,98,10.40650406504065,15.688122018726812,239.65552323184733,0.14681114186443672,0,62.9,1
łosicki,4.2,41.0,101,13.410722468306094,19.087541431078183,239.500009748489,0.15994020926756353,0,59.1,1
łowicki,4.7,42.1,107,18.345323741007196,19.132127171922814,257.58793108746596,0.1439327008028272,0,59.4,1
łódzki wschodni,6.1,41.9,108,19.382430469632578,17.36377616758337,404.95317682428407,0.12891561257429446,0,60.1,1
Łódź,4.8,45.1,119,48.57530899852087,23.83795064571779,421.55874247912686,0.13019364915485315,1,56.4,0
łukowski,4.2,38.5,101,18.015701885332007,16.475996105452367,240.5345008238466,0.16407654284002396,0,59.8,1
makowski,15.4,40.5,100,22.601626016260163,17.555466452820102,345.89483137307315,0.15931569099171344,0,59.9,1
malborski,10.0,41.0,105,42.38538880177106,16.959193319678587,485.844690247361,0.16379391838663937,0,60.5,0
miechowski,3.8,42.4,103,19.243236871574233,20.506780285960097,523.9937215781065,0.1447212093899791,0,58.8,1
mielecki,4.3,40.0,103,17.50582968006716,16.838138445777844,284.854491731304,0.1382043026489097,0,61.1,1
międzychodzki,4.3,40.3,101,24.569621735566226,16.76416968245762,709.613000190471,0.1352344153900574,0,60.4,0
międzyrzecki,9.4,41.4,102,30.03259688518653,17.614870146790583,727.5022730826022,0.13619386780161558,0,60.8,0
mikołowski,2.8,40.6,106,25.09059186686351,16.471360743509447,351.20330397009803,0.12783109404990403,0,60.2,0
milicki,6.4,40.1,102,30.839594903626267,17.413984161734103,539.7073796589096,0.1514365253114949,0,59.2,1
miński,4.8,39.6,105,27.119515885022693,16.124147392671784,308.67607308802405,0.12502103205932982,0,59.7,1
mławski,5.8,40.0,104,21.246333007378432,16.44590091702696,248.56266488585356,0.14979483931374438,0,61.5,1
mogileński,9.8,41.0,105,23.88372287844517,17.109099278809268,441.5075665840987,0.14583835682500712,0,61.4,1
moniecki,6.7,41.6,101,17.648942985265855,18.27427496783134,339.7262528456894,0.143472235969514,0,62.5,1
mrągowski,10.0,41.1,104,24.3685370401763,15.88561552992243,566.6269098910815,0.13996623929906354,0,62.3,0
Mysłowice,4.8,41.6,107,29.49868956672057,17.172800128655282,282.0897444316385,0.13668283792114502,0,60.7,0
myszkowski,5.5,43.2,107,23.727678571428573,19.396162528216703,274.92558577878106,0.14001128668171559,0,59.6,1
myślenicki,2.4,37.6,102,20.15209125475285,13.83385579937304,304.9479205329153,0.13948275862068965,0,61.7,1
myśliborski,6.8,41.6,104,31.466876971608833,17.56909107529175,539.7510964685091,0.13615588531033854,0,60.8,0
nakielski,10.5,39.4,102,29.025301141444427,15.49628668420016,469.9718291990592,0.1432146539838491,0,61.4,0
namysłowski,7.5,41.3,105,26.04361985591631,17.626776750949947,311.78961298494164,0.13960688652249378,0,61.0,1
nidzicki,7.2,40.6,101,27.44617061869719,15.947895425632286,508.1595541284962,0.15031804486106462,0,61.9,1
niżański,15.8,40.5,102,19.28920937419521,15.905029359203471,244.15385814473862,0.12876000540629834,0,64.0,1
nowodworski,5.5,40.7,105,24.505277044854882,16.61417521227544,347.2370886139736,0.1288770188213359,0,60.5,1
nowodworski,12.1,40.5,101,31.467522052927023,16.01742551995503,547.9969929735806,0.13277121978639686,0,62.0,0
nowomiejski,7.6,38.7,101,18.35090924188325,15.254894801697777,399.4553819999087,0.15031262836018439,0,61.0,1
nowosądecki,7.8,36.3,101,19.046753765922265,13.043598590379895,279.9718053377369,0.15013192125315966,0,61.8,1
nowosolski,6.2,41.2,105,30.275180620484488,18.45489577046288,395.13444797808626,0.15162031663494127,0,59.3,0
nowotarski,5.4,38.5,104,23.84466737932736,15.175042496167524,182.6402899125048,0.13108633761249752,0,61.9,1
nowotomyski,2.0,38.7,104,19.906669259187243,15.310485418900495,221.4753801146367,0.1416676594787075,0,60.4,0
Nowy Sącz,2.7,40.8,109,33.60026786461676,17.817504833281617,525.3128447144187,0.14683628899443874,0,59.6,1
nyski,7.2,43.1,106,33.374588917571344,19.443463677288374,347.6035137699709,0.13809691941036278,0,61.0,1
obornicki,2.7,38.9,102,19.837022622233032,15.065608023401587,239.37426360217302,0.1382365231926452,0,60.7,0
olecki,9.9,39.3,100,26.517941702620224,16.04486353519972,566.2777615087267,0.16993674592948343,0,61.1,1
oleski,4.1,43.2,105,19.69366590437696,18.442132113915978,274.2820058171185,0.13114958082528425,0,61.9,1
oleśnicki,5.2,40.5,105,21.832460732984295,17.120510119419404,359.81014440332245,0.13442839963083464,0,60.6,0
olkuski,6.9,42.9,106,22.856065659348626,19.76406484620157,315.16290135500867,0.1454903476986432,0,59.5,1
Olsztyn,2.7,41.9,115,53.50468340202323,19.224440193279413,544.6967338454114,0.1226370661534257,1,58.9,0
olsztyński,8.6,39.9,103,25.795881892988792,14.275009662331106,559.3978623768546,0.11895315544127275,0,63.1,0
oławski,4.4,41.2,105,19.763578498233834,17.90051073587659,322.11984547633944,0.133599124452783,0,59.8,0
opatowski,13.6,42.9,101,20.96728144806715,19.51659659429054,806.7173134442972,0.14552016740578624,0,60.3,1
opoczyński,5.8,40.4,102,19.114359415305245,17.394160775760124,428.0032751688434,0.15435051112921452,0,60.0,1
Opole,2.8,43.7,112,46.553870344285386,21.18795641816691,385.58014667864256,0.11635880813839966,0,58.5,0
opolski,5.6,43.3,107,22.938896389530072,17.288201348140245,312.34811268448027,0.12162358760486883,0,63.1,0
opolski,8.2,41.8,105,15.67812618058179,19.09877043642751,304.4910871841643,0.1528002972571274,0,60.1,1
ostrołęcki,9.0,37.9,97,12.94807908696351,13.991472465991382,220.99012588264486,0.1467954068626345,0,63.0,1
Ostrołęka,8.2,41.3,109,42.814889223729004,17.550667563154356,549.2954507732206,0.14651810584958216,0,58.9,1
ostrowiecki,10.7,44.8,109,29.420482021683178,21.447450534121362,430.6883820344334,0.13677911970926176,0,59.0,1
ostrowski,2.6,40.7,105,19.41342834055682,17.198804314863754,357.7802322674077,0.139546110000557,0,60.4,1
ostrowski,8.0,40.9,102,18.58302179265068,17.963997345426392,264.74023103085943,0.14940272093794935,0,60.5,1
ostródzki,10.1,40.5,103,28.541717641301688,16.360860673445288,431.528865013298,0.1435319872108765,0,61.0,0
ostrzeszowski,4.0,39.7,103,17.45212323064113,16.381981981981983,600.0198212612612,0.14596396396396397,0,61.0,1
oświęcimski,5.1,42.0,106,29.754297783600247,18.539801675722867,347.2848034999935,0.1394459429524517,0,59.9,1
otwocki,3.7,41.4,109,33.69121752200988,17.957089552238806,279.5546197889861,0.11724781266083376,0,58.4,1
pabianicki,6.2,43.5,113,25.929985171813552,20.48603834321114,455.6634931386274,0.11947255031812962,0,58.6,0
pajęczański,7.1,41.9,102,18.222280403194134,18.436157750878564,264.64321202655213,0.14834049199531432,0,61.0,1
parczewski,6.6,41.3,101,19.5809060081732,18.83264671141713,452.2002906859497,0.16136095185964103,0,59.6,1
piaseczyński,3.2,39.8,109,30.758028665593624,15.047721225190008,385.73650745428375,0.09228759141920852,0,59.2,0
Piekary Śląskie,6.0,43.1,108,40.15909903468001,19.385789569325823,503.3572902053425,0.1375795020897692,0,59.7,1
pilski,4.4,40.6,104,28.88928855887567,16.722992829434585,429.63866161690373,0.14284559774303515,0,60.6,0
pińczowski,6.3,43.8,103,19.067736938459372,20.965421569131173,347.80989647022557,0.1476134203360222,0,59.6,1
piotrkowski,4.8,40.3,103,12.935513447432763,17.189364333957286,330.06226111895614,0.14000634899784353,0,60.0,1
Piotrków Trybunalski,5.1,43.0,114,43.025812230274404,20.570529484197564,514.637687508551,0.14675058147489398,0,57.7,1
piski,12.4,40.2,101,31.087068521380733,16.10581633561949,395.9411664736795,0.14985303286719515,0,62.3,1
pleszewski,3.9,40.2,102,23.151483050847457,16.507442790491,579.3577917605611,0.1481575522899673,0,60.6,1
Płock,6.1,43.0,112,40.2380503342344,20.445467866862046,438.03903814109276,0.14846137743353569,0,58.0,0
płocki,10.2,40.4,102,18.138498193835986,16.00061287764078,570.7287121457928,0.13526570048309178,0,62.2,1
płoński,9.2,40.8,103,24.52491932592327,17.188182047924276,249.77703356537322,0.14371539504215775,0,60.4,1
poddębicki,6.2,42.6,102,16.11210923463888,19.254159774253186,367.59718959813176,0.138975381920794,0,60.0,1
policki,3.8,40.1,104,18.126309221375408,13.530972573525766,273.0286374795417,0.10029509497594603,0,62.5,0
polkowicki,4.4,39.9,102,15.10650052176048,15.368270831681599,281.4875040038056,0.14445413462300802,0,62.0,1
Poznań,1.1,41.9,114,51.40433626429085,21.04286918979157,385.67286060735245,0.1387456924195934,1,58.1,0
poznański,1.1,38.2,105,16.377305733483603,13.112364503396181,187.5648637770743,0.10107645915566331,0,60.7,0
proszowicki,4.5,41.0,103,15.877379888652142,18.055619823238167,491.58290430799127,0.14087733098884828,0,61.0,1
prudnicki,8.9,42.7,108,28.96748718810384,18.9257200789326,537.5250761265094,0.13063707297644694,0,61.0,1
pruszkowski,2.7,41.3,110,32.02057165463357,18.10297024928878,275.0137071459569,0.10759318192776894,0,58.1,0
przasnyski,8.5,39.4,100,21.699289365415783,16.33181619089334,427.12790939041344,0.16097579554759955,0,60.2,1
przemyski,12.5,39.4,99,16.385302879841113,15.280647034201536,323.92597791010115,0.1392770824050445,0,63.5,1
Przemyśl,10.4,43.8,113,49.330251615275515,20.614938456721976,626.1736121867225,0.13610374202903328,0,58.8,1
przeworski,11.7,39.9,103,18.018159048215402,16.5960542099487,276.6149647788469,0.14701003037186391,0,61.7,1
przysuski,17.6,41.3,101,19.506542056074768,18.23181763357858,223.01083777590162,0.1594982511156676,0,60.7,1
pszczyński,2.7,38.9,105,26.076692594049817,13.788002402747022,180.67250011206843,0.13771864549619417,0,62.1,1
pucki,6.8,38.3,102,30.31237033963606,13.831849014812422,345.29080626182457,0.1293895067140418,0,61.4,0
puławski,5.1,43.6,109,26.27156357163425,21.069513046397994,375.5450673747272,0.13900842073639472,0,58.4,1
pułtuski,12.0,39.9,102,23.94476475193964,16.426752083976535,698.8766017675208,0.14371719666563754,0,60.7,1
pyrzycki,10.5,41.4,100,28.840241052761037,17.41661582265609,430.4139688834655,0.1392109009558674,0,61.1,1
raciborski,4.0,43.0,108,26.367230744899572,17.690438125514042,388.9159773036013,0.12899797617617434,0,62.3,1
Radom,11.3,42.4,111,42.17503088583926,19.57269445666624,449.257578570381,0.14637769608886744,1,58.8,1
radomski,16.5,38.6,101,17.43873194127625,14.864962473159936,308.65345837902436,0.14180089434044035,0,61.7,1
radomszczański,5.1,42.8,104,22.316392700950082,19.508362629167998,416.00609282340827,0.14350520223003443,0,60.1,1
radziejowski,16.6,42.2,102,22.969374167776298,18.022866496366657,363.56219389400064,0.15096351776989658,0,61.5,1
radzyński,5.8,40.1,100,19.018871753246753,17.163342281423088,256.3507244554691,0.15875496958782154,0,60.4,1
rawicki,3.8,39.7,103,22.94901882458681,16.569313995552754,442.1324668945604,0.1465932096511898,0,59.8,1
rawski,3.1,41.2,103,18.6549949724966,18.027658873888704,282.5020810009878,0.14889282186368127,0,59.5,1
ropczycko-sędziszowski,10.2,38.6,102,20.94092007390913,15.359323626115547,358.2608297658189,0.14480305978662014,0,61.5,1
Ruda Śląska,2.7,41.9,107,36.0495037372871,18.048922539312755,415.9277366045428,0.14554455445544554,0,60.0,1
rybnicki,4.8,40.2,103,24.465383039737812,15.795328142380423,229.90505734340837,0.1382123176454042,0,61.2,1
Rybnik,2.9,41.4,105,32.1064660508523,17.76854118090052,302.6052680705007,0.1509724977914235,0,60.0,1
rycki,7.0,41.0,100,22.134613187064335,18.757590912338358,251.4346736800743,0.15792669857826677,0,59.3,1
rypiński,9.9,40.4,103,20.81413853756596,16.816906590626868,401.84356091615695,0.1524858575173619,0,60.4,1
rzeszowski,7.7,38.9,103,14.905647287359512,15.271072604728573,360.8492236688346,0.13397821031881868,0,61.8,1
Rzeszów,4.8,39.1,111,47.07655700184511,17.324981652124276,380.0587493884041,0.11283433906874338,1,60.1,1
sandomierski,6.9,43.1,105,21.46349803385194,20.16697612215485,358.83662022670313,0.1435527221262838,0,60.2,1
sanocki,6.6,41.4,104,21.954081786176392,17.54516077766594,302.8777337500662,0.14195052179901468,0,61.0,1
sejneński,12.2,42.8,101,18.877236273904998,19.222657426935825,291.36769559104147,0.14266345284724313,0,61.3,1
sępoleński,11.6,39.5,100,26.524593283227095,16.263152766952455,633.0632287607172,0.14801734216679657,0,60.9,1
Siedlce,3.9,39.9,111,42.711333066015385,18.007290400972053,266.54662121890385,0.13789089978896207,0,57.2,1
siedlecki,4.3,38.9,99,13.153116804518863,16.33071950050392,209.6573195103365,0.1479929205280106,0,60.9,1
Siemianowice Śląskie,4.0,43.6,110,37.69122074092277,20.221121766580392,424.77998593677535,0.13153603327299113,0,58.9,0
siemiatycki,6.2,44.2,104,18.05177111716621,20.652592039463265,399.8355311927229,0.14212658113275858,0,60.9,1
sieradzki,5.4,41.6,105,21.010657756749506,18.194333497629042,434.06604169145265,0.1406088005846661,0,60.5,1
sierpecki,15.0,40.3,103,26.068878951910254,16.608923278284635,351.3386570812642,0.14761134850059668,0,61.6,1
skarżyski,14.6,45.2,107,31.10300345299368,21.993215391061074,436.7177872984552,0.1383411495992756,0,58.6,1
Skierniewice,5.3,42.2,109,42.95669487307118,19.181101707251138,273.21391731996926,0.1353324044999896,0,57.7,0
skierniewicki,3.7,40.2,101,10.736842105263158,17.687431235919735,158.1181487399801,0.13781631476921466,0,59.9,1
sławieński,13.9,41.0,104,28.621572905796413,17.094808850251184,359.84320590016745,0.13970142872412442,0,60.8,0
słubicki,2.4,40.3,104,26.13673536146549,15.120714270493725,367.1414760595794,0.12870506509834004,0,62.3,0
słupecki,6.7,40.5,101,26.41578818337828,16.815342688355873,481.78604313015217,0.14880579582578668,0,61.2,1
Słupsk,3.2,43.9,112,45.50629805332897,21.452123377554283,381.081735865286,0.14054763401374049,0,58.0,0
słupski,6.4,39.7,100,22.993976664841412,15.022394260584075,554.935110957988,0.13213627059562652,0,61.9,0
sochaczewski,4.6,40.7,105,22.248397312118637,17.096831089423247,292.6585457110941,0.13838556058557233,0,59.9,1
sokołowski,5.4,42.2,102,19.07659460902055,19.682551483161102,313.83033547691616,0.15582484573637648,0,58.9,1
sokólski,10.0,42.9,102,18.76397168405365,19.12545361845065,348.2283408811445,0.1524008037669076,0,61.4,1
Sopot,1.4,47.7,115,54.48068991376078,27.679946247095383,671.1594963464822,0.13648198437806208,1,55.1,0
Sosnowiec,5.1,45.4,111,35.139445256583066,22.85397101623211,371.55815841059336,0.14553391940952323,1,57.7,0
stalowowolski,4.7,42.3,106,23.68443209564705,19.046181993077887,379.1472055037393,0.13922498750436169,0,60.6,1
starachowicki,8.1,43.8,106,20.55466559871846,21.128427257301063,411.80836395909625,0.1434647673483969,0,58.9,1
stargardzki,7.5,41.3,104,28.947263044087613,17.444627494050888,332.8933825071139,0.1427870134624665,0,60.5,0
starogardzki,5.3,38.4,103,31.623754766620355,14.813630193624888,438.60536610862334,0.13810400511756354,0,61.2,1
staszowski,6.7,41.7,102,23.103887826641174,18.283270173874275,384.60748049487296,0.15099754792688364,0,60.8,1
strzelecki,4.9,42.8,105,25.004871395167577,17.65814266487214,479.47752718707943,0.13207267833109018,0,62.8,0
strzelecko-drezdenecki,9.8,40.8,102,22.71652878608813,17.19072007182354,499.079869819829,0.13685241486257627,0,60.4,0
strzeliński,9.7,41.7,102,27.868852459016395,17.808124856552674,305.2214083084691,0.1355749368831765,0,60.8,1
strzyżowski,13.0,40.3,102,16.580976863753214,16.49724692926726,433.0410227087609,0.14304564558694166,0,62.3,1
sulęciński,5.7,39.9,101,28.67586369531895,16.068536356661838,728.3076208336886,0.13215696303242122,0,61.4,0
suski,4.7,39.1,102,19.54051282051282,15.915566530534713,266.7776898328426,0.14297416658752019,0,61.3,1
suwalski,3.9,39.3,96,11.114914007016344,16.196669843583564,362.46868587767,0.15058586085103998,0,61.8,1
Suwałki,4.9,39.8,109,39.0816748632624,15.099343444479485,428.6063413515296,0.1246595372573755,0,62.0,1
szamotulski,2.5,39.5,104,20.214270560780708,15.580816896491534,345.7720399502531,0.13655306336184325,0,60.5,0
Szczecin,2.4,43.3,111,48.45591957763796,21.188483902992484,346.7330803643629,0.12728068931369696,1,58.3,0
szczecinecki,14.6,41.9,106,30.76731284672443,18.23006569625145,513.3125284039675,0.13472884194254797,0,60.2,0
szczycieński,8.8,40.3,102,26.971529352481735,15.473650830258302,558.4002766086255,0.13955834870848707,0,62.3,1
sztumski,8.4,39.6,101,34.69621704241498,15.05738220909399,347.5664623989153,0.09805820541378142,0,62.2,0
szydłowiecki,23.3,40.2,101,29.447623787011693,16.863278886872354,365.95243849566447,0.1502571082879613,0,61.5,1
średzki,4.8,40.1,102,17.74448909998782,15.127362515659327,203.12751338985822,0.12364058897220356,0,62.2,1
średzki,6.2,38.9,103,19.01815181518152,15.134428234175173,259.950529900304,0.1365342482039437,0,60.5,0
śremski,1.9,39.3,104,25.152797367183826,15.601139601139602,404.01224289784295,0.14708994708994708,0,60.4,0
świdnicki,5.6,42.8,107,27.150576196624108,19.377266267739817,308.70553698995036,0.1330478393586582,0,59.8,0
świdnicki,8.3,42.7,108,20.267843398840373,20.02227171492205,386.8692199331848,0.13502227171492204,0,58.8,1
świdwiński,12.4,41.8,102,31.90150775572188,17.588391404845474,650.122353608424,0.13489855320606112,0,61.0,0
świebodziński,3.5,40.6,104,24.424935013978125,16.805879189818963,500.8553328553504,0.1360996594371751,0,60.7,0
świecki,7.0,40.2,103,24.58483471721761,16.11387339316032,424.3360506103969,0.14236195327027246,0,61.1,1
Świętochłowice,5.6,43.1,109,32.8703119080692,19.724761385878885,419.3854716790766,0.13307908065459975,0,59.1,0
Świnoujście,3.5,45.2,108,41.402918069584736,21.73498336920368,289.3508156427314,0.12671199373899433,0,59.2,0
Tarnobrzeg,7.5,44.5,109,46.69742593491986,20.64177986950476,405.5873481655792,0.14320248154882875,0,59.9,1
tarnobrzeski,6.3,41.4,104,13.593195575036527,17.33408854904182,334.4947376569433,0.13901633153969603,0,62.3,1
tarnogórski,4.6,42.8,106,31.263118239061406,18.941922444651613,386.042491406856,0.12270938449604679,0,60.0,0
tarnowski,5.7,39.0,102,14.677546912071321,15.09501382154573,343.906545506881,0.1374412522270803,0,62.6,1
Tarnów,4.2,44.0,112,41.340822179732314,21.46307734857564,427.61952198764635,0.1408223471927722,0,58.7,1
tatrzański,7.9,40.1,107,31.641624930439622,17.224409448818896,321.4098949641556,0.12561699377130098,0,60.3,1
tczewski,5.7,39.6,103,24.380679100908655,15.920952578459836,612.8258870800498,0.13917115996128854,0,60.7,0
tomaszowski,6.8,42.4,109,25.223245725231696,19.57963937211957,425.9294198371081,0.1406723367004523,0,58.5,1
tomaszowski,6.9,42.3,103,17.221709874645626,18.880645706966966,320.1574261134337,0.1567385998405065,0,61.1,1
Toruń,4.1,41.9,115,44.85728737625551,19.758050504599225,416.4099970215491,0.13519188669972748,1,59.0,0
toruński,9.4,38.3,103,20.464135021097047,12.95122063777747,402.7021303244266,0.11793806820803913,0,62.5,0
trzebnicki,5.1,40.6,103,23.478476001979217,16.257492404959358,347.50486223358706,0.12137989278969655,0,61.0,1
tucholski,9.7,39.3,100,23.057529223011688,15.58398611082405,408.495152016204,0.1439348531509001,0,60.5,1
turecki,3.7,40.2,104,17.167278843843327,16.382578015114312,367.497188833528,0.14524280639855056,0,60.9,1
Tychy,2.0,42.1,108,27.73611025021178,19.22329336154871,269.65209640253937,0.14779371424092796,0,58.2,0
wadowicki,4.9,39.7,104,23.410834132310644,15.811282076922115,331.0607096608877,0.14109470894841444,0,61.0,1
Wałbrzych,4.9,45.2,112,38.12373929433551,22.064370128237364,437.03320045619455,0.029616724738675958,0,58.2,0
wałbrzyski,12.8,43.4,108,39.67587903342498,19.334304364244485,274.03280915646184,0.24335113556670443,0,60.6,0
wałecki,8.7,41.5,105,34.01314517687995,17.372122400497748,368.45641735326836,0.14046267840645563,0,61.0,0
Warszawa,1.3,41.7,117,54.82471580454813,20.66011488514278,327.1931299332424,0.08606333537727472,1,57.3,0
warszawski zachodni,1.6,41.1,108,22.688117835302368,16.679453348283914,293.7399916535287,0.10177636515390387,0,59.1,0
wąbrzeski,11.5,40.6,103,20.984293193717278,16.847985026612857,478.6978996315143,0.14394338187986197,0,61.2,1
wągrowiecki,4.5,38.8,102,23.893858079904593,15.176626372218188,316.4823913260148,0.1442199535830735,0,60.8,0
wejherowski,5.4,37.5,102,32.8721593212095,13.517806156642767,292.8828740945438,0.12612579528657858,0,60.6,0
węgorzewski,15.4,43.0,101,41.62980209545984,18.499867479459315,924.9025055216892,0.09753511794328121,0,60.9,0
węgrowski,5.6,40.4,100,18.107552748960057,18.072984716356235,269.72458828355263,0.15399106681656588,0,59.5,1
wielicki,4.0,38.7,105,23.389096297985123,14.384060215586668,267.83589866497334,0.11219179779457317,0,61.2,1
wieluński,5.8,41.9,104,19.06038657009084,18.356588334032732,358.74522922786406,0.14107742341586235,0,60.2,1
wieruszowski,4.0,40.6,102,17.28575403450195,16.810355064719154,426.5591929699561,0.13948462177888613,0,61.1,1
Włocławek,9.3,44.3,113,33.72089388967026,21.08879444500059,566.146988160134,0.14185997834059863,0,58.4,0
włocławski,13.9,41.7,102,21.294897616649884,16.763717935306904,500.23399746620635,0.13970733521624418,0,62.3,1
włodawski,15.7,41.8,103,28.067845100643712,18.5852475686387,524.4326738455923,0.15539853466482415,0,60.1,1
włoszczowski,7.0,41.8,100,17.019533711405167,19.043920193524045,337.39854235557823,0.14818349275394482,0,60.1,1
wodzisławski,5.0,41.8,106,29.0893536682498,18.044662864127112,286.4157935042779,0.14136662253004686,0,60.3,1
wolsztyński,1.6,38.6,103,17.681133588806702,15.395327786094768,243.1018697559447,0.146711694460885,0,60.2,0
wołomiński,6.4,38.3,108,31.110834164174143,13.871295111492625,252.65723532785933,0.11034540852550552,0,60.3,1
wołowski,10.6,42.1,104,31.39920424403183,18.18317741039771,344.2747028920501,0.13646460762954418,0,60.9,1
Wrocław,1.6,41.4,114,51.32079820752447,20.706706965182644,334.81434693537875,0.12511569231056405,1,58.6,0
wrocławski,1.6,38.3,104,18.025211571828194,13.012517752749613,166.1174801334346,0.09331836047164514,0,61.5,0
wrzesiński,3.1,39.6,105,17.620037186918953,16.007641613457444,285.0604569582276,0.14340846731799883,0,60.5,1
wschowski,7.8,39.9,103,24.04306220095694,16.342612860858594,285.8979266565373,0.10241817104890423,0,60.6,1
wysokomazowiecki,5.6,41.0,98,14.28005284015852,18.322194864579668,281.4937015476609,0.15365810763278226,0,60.1,1
wyszkowski,3.2,38.8,102,19.426011944260118,15.215575316626246,419.25464349232016,0.1448935596874158,0,60.9,1
Zabrze,4.9,43.8,107,46.400104876769795,19.494082153631933,452.8984843931306,0.12932815038291948,1,60.7,0
zambrowski,6.3,40.8,102,19.77646472556418,16.853235260314907,250.10696678542695,0.1450637857717504,0,61.6,1
zamojski,8.3,41.8,103,12.376040123104982,18.587097868490982,372.15210389928575,0.14057405627485348,0,61.3,1
Zamość,8.7,42.5,113,48.53661023862941,19.045667355013634,430.99279710579,0.14157352964358338,0,59.8,1
zawierciański,5.8,44.3,107,25.02886247877759,21.030571992110453,337.731973831871,0.14097463102768143,0,58.9,1
ząbkowicki,9.4,43.3,105,25.719873221390518,19.453103299280887,585.8564373013179,0.13207925681306132,0,60.7,1
zduńskowolski,6.1,41.8,107,24.646194926568757,18.42874359746912,397.82964085567943,0.13574871949382344,0,59.8,1
zgierski,5.6,43.0,111,25.156659450837417,19.522854924057718,357.51202247867417,0.12350628788836515,0,58.9,0
zgorzelecki,4.9,43.2,105,34.148890683642925,18.902767188410998,429.30530295555457,0.13717091985468896,0,61.0,0
Zielona Góra,2.4,42.0,111,44.84295721123231,19.56281599184263,384.59679391312966,0.10955800087805016,0,58.3,0
zielonogórski,5.9,40.3,103,23.48856209150327,16.155587024709167,452.2130591987718,0.14481398642120727,0,61.7,0
złotoryjski,13.1,41.9,104,29.209014582412728,17.627040699011268,508.7576155438032,0.14076799264198667,0,61.3,1
złotowski,5.6,39.4,102,14.507278408657877,15.433583454553311,351.9451255166852,0.1443693920758141,0,61.7,0
zwoleński,9.7,40.0,101,17.81028368794326,17.076812475806005,352.3631878006968,0.15196593485594204,0,60.7,1
żagański,8.8,41.6,105,31.204258150365934,17.705470343115525,333.8110760832394,0.13557432903119576,0,61.0,0
żarski,5.3,41.5,106,25.09769865392966,17.405916076203557,502.26269761005506,0.13304408444402827,0,61.1,0
żniński,9.4,40.7,102,28.072468072468073,17.039464311155434,500.6994412309446,0.14648810371847842,0,60.4,1
Żory,3.2,40.7,105,27.833964137246387,17.468625944423103,221.2204275515431,0.1682993981303624,0,58.8,1
żuromiński,14.5,41.0,103,19.147664189939363,17.450344021809684,270.8999187329612,0.1626379332727509,0,61.0,1
żyrardowski,9.5,41.4,109,28.965748449460804,18.31575334327846,380.777140424296,0.12856935405087855,0,58.6,1
żywiecki,6.2,40.6,105,24.152748500081078,16.851711225745632,217.18102431328393,0.13818769802822803,0,61.2,1
